{
    "levels": {
      "1": [
        [4, 1, 40],
        [1, 1, 0, 0, 2],
        [1, 1, 5, 0, 1],
        [0, 0, 0, 0, 1],
        [0, 1, 1, 1, 1],
        [0, 0, 4, 0, 3]
      ],
      "2": [
        [6, 4, 40],
        [1, 1, 0, 4, 0, 0],
        [0, 0, 0, 1, 0, 0],
        [0, 0, 0, 4, 0, 0],
        [1, 2, 0, 1, 0, 3],
        [1, 0, 0, 4, 0, 0]
      ],
      "3": [
        [11, 1, 50], 
    [1, 1, 0, 0, 0, 0, 0],
    [1, 0, 4, 0, 1, 0, 1],
    [1, 0, 2, 1, 0, 0, 0],
    [1, 1, 0, 0, 0, 1, 0],
    [1, 0, 5, 1, 1, 1, 3],
    [1, 1, 0, 0, 0, 0, 0]
      ],
      "4": [
        [7, 1, 50],
    [1, 1, 1, 0, 0, 0, 0, 0, 2],
    [1, 0, 0, 0, 1, 1, 0, 1, 3],
    [1, 0, 4, 0, 0, 4, 0, 1, 0],
    [1, 1, 0, 5, 1, 1, 1, 1, 0],
    [1, 1, 0, 0, 0, 0, 0, 0, 0]
      ],
      "5": [
        [11, 4, 80],
    [0, 0, 4, 0, 0, 4, 0, 0],
    [0, 0, 0, 0, 0, 1, 0, 0],
    [0, 0, 4, 0, 0, 0, 0, 5],
    [0, 0, 3, 5, 5, 0, 0, 0],
    [1, 0, 0, 0, 0, 1, 2, 0],
    [1, 1, 1, 1, 1, 1, 0, 0]
      ]
    }
  }
  